--------------------------------------------------------
--  파일이 생성됨 - 목요일-7월-25-2024   
--------------------------------------------------------
--------------------------------------------------------
--  DDL for Table BONUS
--------------------------------------------------------

  CREATE TABLE "SCOTT"."BONUS" 
   (	"ENAME" VARCHAR2(10 BYTE), 
	"JOB" VARCHAR2(9 BYTE), 
	"SAL" NUMBER, 
	"COMM" NUMBER
   ) SEGMENT CREATION DEFERRED 
  PCTFREE 10 PCTUSED 40 INITRANS 1 MAXTRANS 255 
 NOCOMPRESS LOGGING
  TABLESPACE "USERS" ;
--------------------------------------------------------
--  DDL for Table COURSE1
--------------------------------------------------------

  CREATE TABLE "SCOTT"."COURSE1" 
   (	"NAME" VARCHAR2(15 BYTE), 
	"PHONE" VARCHAR2(20 BYTE), 
	"AGE" NUMBER(3,0)
   ) SEGMENT CREATION IMMEDIATE 
  PCTFREE 10 PCTUSED 40 INITRANS 1 MAXTRANS 255 
 NOCOMPRESS LOGGING
  STORAGE(INITIAL 65536 NEXT 1048576 MINEXTENTS 1 MAXEXTENTS 2147483645
  PCTINCREASE 0 FREELISTS 1 FREELIST GROUPS 1
  BUFFER_POOL DEFAULT FLASH_CACHE DEFAULT CELL_FLASH_CACHE DEFAULT)
  TABLESPACE "USERS" ;
--------------------------------------------------------
--  DDL for Table COURSE2
--------------------------------------------------------

  CREATE TABLE "SCOTT"."COURSE2" 
   (	"NAME" VARCHAR2(15 BYTE), 
	"PHONE" VARCHAR2(20 BYTE), 
	"AGE" NUMBER(3,0)
   ) SEGMENT CREATION IMMEDIATE 
  PCTFREE 10 PCTUSED 40 INITRANS 1 MAXTRANS 255 
 NOCOMPRESS LOGGING
  STORAGE(INITIAL 65536 NEXT 1048576 MINEXTENTS 1 MAXEXTENTS 2147483645
  PCTINCREASE 0 FREELISTS 1 FREELIST GROUPS 1
  BUFFER_POOL DEFAULT FLASH_CACHE DEFAULT CELL_FLASH_CACHE DEFAULT)
  TABLESPACE "USERS" ;
--------------------------------------------------------
--  DDL for Table DEPT
--------------------------------------------------------

  CREATE TABLE "SCOTT"."DEPT" 
   (	"DEPTNO" NUMBER(2,0), 
	"DNAME" VARCHAR2(14 BYTE), 
	"LOC" VARCHAR2(13 BYTE)
   ) SEGMENT CREATION IMMEDIATE 
  PCTFREE 10 PCTUSED 40 INITRANS 1 MAXTRANS 255 
 NOCOMPRESS LOGGING
  STORAGE(INITIAL 65536 NEXT 1048576 MINEXTENTS 1 MAXEXTENTS 2147483645
  PCTINCREASE 0 FREELISTS 1 FREELIST GROUPS 1
  BUFFER_POOL DEFAULT FLASH_CACHE DEFAULT CELL_FLASH_CACHE DEFAULT)
  TABLESPACE "USERS" ;
--------------------------------------------------------
--  DDL for Table EMP
--------------------------------------------------------

  CREATE TABLE "SCOTT"."EMP" 
   (	"EMPNO" NUMBER(4,0), 
	"ENAME" VARCHAR2(10 BYTE), 
	"JOB" VARCHAR2(9 BYTE), 
	"MGR" NUMBER(4,0), 
	"HIREDATE" DATE, 
	"SAL" NUMBER(7,2), 
	"COMM" NUMBER(7,2), 
	"DEPTNO" NUMBER(2,0)
   ) SEGMENT CREATION IMMEDIATE 
  PCTFREE 10 PCTUSED 40 INITRANS 1 MAXTRANS 255 
 NOCOMPRESS LOGGING
  STORAGE(INITIAL 65536 NEXT 1048576 MINEXTENTS 1 MAXEXTENTS 2147483645
  PCTINCREASE 0 FREELISTS 1 FREELIST GROUPS 1
  BUFFER_POOL DEFAULT FLASH_CACHE DEFAULT CELL_FLASH_CACHE DEFAULT)
  TABLESPACE "USERS" ;
--------------------------------------------------------
--  DDL for Table SALGRADE
--------------------------------------------------------

  CREATE TABLE "SCOTT"."SALGRADE" 
   (	"GRADE" NUMBER, 
	"LOSAL" NUMBER, 
	"HISAL" NUMBER
   ) SEGMENT CREATION IMMEDIATE 
  PCTFREE 10 PCTUSED 40 INITRANS 1 MAXTRANS 255 
 NOCOMPRESS LOGGING
  STORAGE(INITIAL 65536 NEXT 1048576 MINEXTENTS 1 MAXEXTENTS 2147483645
  PCTINCREASE 0 FREELISTS 1 FREELIST GROUPS 1
  BUFFER_POOL DEFAULT FLASH_CACHE DEFAULT CELL_FLASH_CACHE DEFAULT)
  TABLESPACE "USERS" ;
REM INSERTING into SCOTT.BONUS
SET DEFINE OFF;
REM INSERTING into SCOTT.COURSE1
SET DEFINE OFF;
Insert into SCOTT.COURSE1 (NAME,PHONE,AGE) values ('둘리','010-111-1111',10);
Insert into SCOTT.COURSE1 (NAME,PHONE,AGE) values ('또치','010-222-2222',11);
Insert into SCOTT.COURSE1 (NAME,PHONE,AGE) values ('도우너','010-333-3333',12);
Insert into SCOTT.COURSE1 (NAME,PHONE,AGE) values ('희동이','010-444-4444',6);
REM INSERTING into SCOTT.COURSE2
SET DEFINE OFF;
Insert into SCOTT.COURSE2 (NAME,PHONE,AGE) values ('둘리','010-111-1111',10);
Insert into SCOTT.COURSE2 (NAME,PHONE,AGE) values ('또치','010-222-2222',11);
Insert into SCOTT.COURSE2 (NAME,PHONE,AGE) values ('토토로','010-555-5555',13);
Insert into SCOTT.COURSE2 (NAME,PHONE,AGE) values ('짱구','010-666-6666',7);
Insert into SCOTT.COURSE2 (NAME,PHONE,AGE) values ('듀크','010-777-7777',11);
REM INSERTING into SCOTT.DEPT
SET DEFINE OFF;
Insert into SCOTT.DEPT (DEPTNO,DNAME,LOC) values (10,'ACCOUNTING','NEW YORK');
Insert into SCOTT.DEPT (DEPTNO,DNAME,LOC) values (20,'RESEARCH','DALLAS');
Insert into SCOTT.DEPT (DEPTNO,DNAME,LOC) values (30,'SALES','CHICAGO');
Insert into SCOTT.DEPT (DEPTNO,DNAME,LOC) values (40,'OPERATIONS','BOSTON');
REM INSERTING into SCOTT.EMP
SET DEFINE OFF;
Insert into SCOTT.EMP (EMPNO,ENAME,JOB,MGR,HIREDATE,SAL,COMM,DEPTNO) values (7369,'SMITH','CLERK',7902,to_date('80/12/17','RR/MM/DD'),800,null,20);
Insert into SCOTT.EMP (EMPNO,ENAME,JOB,MGR,HIREDATE,SAL,COMM,DEPTNO) values (7499,'ALLEN','SALESMAN',7698,to_date('81/02/20','RR/MM/DD'),1600,300,30);
Insert into SCOTT.EMP (EMPNO,ENAME,JOB,MGR,HIREDATE,SAL,COMM,DEPTNO) values (7521,'WARD','SALESMAN',7698,to_date('81/02/22','RR/MM/DD'),1250,500,30);
Insert into SCOTT.EMP (EMPNO,ENAME,JOB,MGR,HIREDATE,SAL,COMM,DEPTNO) values (7566,'JONES','MANAGER',7839,to_date('81/04/02','RR/MM/DD'),2975,null,20);
Insert into SCOTT.EMP (EMPNO,ENAME,JOB,MGR,HIREDATE,SAL,COMM,DEPTNO) values (7654,'MARTIN','SALESMAN',7698,to_date('81/09/28','RR/MM/DD'),1250,1400,30);
Insert into SCOTT.EMP (EMPNO,ENAME,JOB,MGR,HIREDATE,SAL,COMM,DEPTNO) values (7698,'BLAKE','MANAGER',7839,to_date('81/05/01','RR/MM/DD'),2850,null,30);
Insert into SCOTT.EMP (EMPNO,ENAME,JOB,MGR,HIREDATE,SAL,COMM,DEPTNO) values (7782,'CLARK','MANAGER',7839,to_date('81/06/09','RR/MM/DD'),2450,null,10);
Insert into SCOTT.EMP (EMPNO,ENAME,JOB,MGR,HIREDATE,SAL,COMM,DEPTNO) values (7839,'KING','PRESIDENT',null,to_date('81/11/17','RR/MM/DD'),5000,null,10);
Insert into SCOTT.EMP (EMPNO,ENAME,JOB,MGR,HIREDATE,SAL,COMM,DEPTNO) values (7844,'TURNER','SALESMAN',7698,to_date('81/09/08','RR/MM/DD'),1500,0,30);
Insert into SCOTT.EMP (EMPNO,ENAME,JOB,MGR,HIREDATE,SAL,COMM,DEPTNO) values (7900,'JAMES','CLERK',7698,to_date('81/12/03','RR/MM/DD'),950,null,30);
Insert into SCOTT.EMP (EMPNO,ENAME,JOB,MGR,HIREDATE,SAL,COMM,DEPTNO) values (7902,'FORD','ANALYST',7566,to_date('81/12/03','RR/MM/DD'),3000,null,20);
Insert into SCOTT.EMP (EMPNO,ENAME,JOB,MGR,HIREDATE,SAL,COMM,DEPTNO) values (7934,'MILLER','CLERK',7782,to_date('82/01/23','RR/MM/DD'),1300,null,10);
Insert into SCOTT.EMP (EMPNO,ENAME,JOB,MGR,HIREDATE,SAL,COMM,DEPTNO) values (7788,'SCOTT','ANALYST',7566,to_date('87/04/19','RR/MM/DD'),3000,null,20);
Insert into SCOTT.EMP (EMPNO,ENAME,JOB,MGR,HIREDATE,SAL,COMM,DEPTNO) values (7876,'ADAMS','CLERK',7788,to_date('87/05/23','RR/MM/DD'),1100,null,null);
REM INSERTING into SCOTT.SALGRADE
SET DEFINE OFF;
Insert into SCOTT.SALGRADE (GRADE,LOSAL,HISAL) values (1,700,1200);
Insert into SCOTT.SALGRADE (GRADE,LOSAL,HISAL) values (2,1201,1400);
Insert into SCOTT.SALGRADE (GRADE,LOSAL,HISAL) values (3,1401,2000);
Insert into SCOTT.SALGRADE (GRADE,LOSAL,HISAL) values (4,2001,3000);
Insert into SCOTT.SALGRADE (GRADE,LOSAL,HISAL) values (5,3001,9999);
--------------------------------------------------------
--  DDL for Index PK_DEPT
--------------------------------------------------------

  CREATE UNIQUE INDEX "SCOTT"."PK_DEPT" ON "SCOTT"."DEPT" ("DEPTNO") 
  PCTFREE 10 INITRANS 2 MAXTRANS 255 COMPUTE STATISTICS 
  STORAGE(INITIAL 65536 NEXT 1048576 MINEXTENTS 1 MAXEXTENTS 2147483645
  PCTINCREASE 0 FREELISTS 1 FREELIST GROUPS 1
  BUFFER_POOL DEFAULT FLASH_CACHE DEFAULT CELL_FLASH_CACHE DEFAULT)
  TABLESPACE "USERS" ;
--------------------------------------------------------
--  DDL for Index PK_EMP
--------------------------------------------------------

  CREATE UNIQUE INDEX "SCOTT"."PK_EMP" ON "SCOTT"."EMP" ("EMPNO") 
  PCTFREE 10 INITRANS 2 MAXTRANS 255 COMPUTE STATISTICS 
  STORAGE(INITIAL 65536 NEXT 1048576 MINEXTENTS 1 MAXEXTENTS 2147483645
  PCTINCREASE 0 FREELISTS 1 FREELIST GROUPS 1
  BUFFER_POOL DEFAULT FLASH_CACHE DEFAULT CELL_FLASH_CACHE DEFAULT)
  TABLESPACE "USERS" ;
--------------------------------------------------------
--  DDL for Index PK_DEPT
--------------------------------------------------------

  CREATE UNIQUE INDEX "SCOTT"."PK_DEPT" ON "SCOTT"."DEPT" ("DEPTNO") 
  PCTFREE 10 INITRANS 2 MAXTRANS 255 COMPUTE STATISTICS 
  STORAGE(INITIAL 65536 NEXT 1048576 MINEXTENTS 1 MAXEXTENTS 2147483645
  PCTINCREASE 0 FREELISTS 1 FREELIST GROUPS 1
  BUFFER_POOL DEFAULT FLASH_CACHE DEFAULT CELL_FLASH_CACHE DEFAULT)
  TABLESPACE "USERS" ;
--------------------------------------------------------
--  DDL for Index PK_EMP
--------------------------------------------------------

  CREATE UNIQUE INDEX "SCOTT"."PK_EMP" ON "SCOTT"."EMP" ("EMPNO") 
  PCTFREE 10 INITRANS 2 MAXTRANS 255 COMPUTE STATISTICS 
  STORAGE(INITIAL 65536 NEXT 1048576 MINEXTENTS 1 MAXEXTENTS 2147483645
  PCTINCREASE 0 FREELISTS 1 FREELIST GROUPS 1
  BUFFER_POOL DEFAULT FLASH_CACHE DEFAULT CELL_FLASH_CACHE DEFAULT)
  TABLESPACE "USERS" ;
--------------------------------------------------------
--  Constraints for Table DEPT
--------------------------------------------------------

  ALTER TABLE "SCOTT"."DEPT" ADD CONSTRAINT "PK_DEPT" PRIMARY KEY ("DEPTNO")
  USING INDEX PCTFREE 10 INITRANS 2 MAXTRANS 255 COMPUTE STATISTICS 
  STORAGE(INITIAL 65536 NEXT 1048576 MINEXTENTS 1 MAXEXTENTS 2147483645
  PCTINCREASE 0 FREELISTS 1 FREELIST GROUPS 1
  BUFFER_POOL DEFAULT FLASH_CACHE DEFAULT CELL_FLASH_CACHE DEFAULT)
  TABLESPACE "USERS"  ENABLE;
--------------------------------------------------------
--  Constraints for Table EMP
--------------------------------------------------------

  ALTER TABLE "SCOTT"."EMP" ADD CONSTRAINT "PK_EMP" PRIMARY KEY ("EMPNO")
  USING INDEX PCTFREE 10 INITRANS 2 MAXTRANS 255 COMPUTE STATISTICS 
  STORAGE(INITIAL 65536 NEXT 1048576 MINEXTENTS 1 MAXEXTENTS 2147483645
  PCTINCREASE 0 FREELISTS 1 FREELIST GROUPS 1
  BUFFER_POOL DEFAULT FLASH_CACHE DEFAULT CELL_FLASH_CACHE DEFAULT)
  TABLESPACE "USERS"  ENABLE;
--------------------------------------------------------
--  Ref Constraints for Table EMP
--------------------------------------------------------

  ALTER TABLE "SCOTT"."EMP" ADD CONSTRAINT "FK_DEPTNO" FOREIGN KEY ("DEPTNO")
	  REFERENCES "SCOTT"."DEPT" ("DEPTNO") ENABLE;
